nǐ hǎo<br>xin chào	你好	Bài_01
dàjiā<br>mọi người	大家	Bài_01
hǎo<br>tốt, khỏe	好	Bài_01
xuéshēng<br>học sinh, sinh viên	学生	Bài_01
lǎoshī<br>thầy, cô	老师	Bài_01
nǐmen<br>các bạn, các anh, các chị,...	你们	Bài_01
xièxie<br>cảm ơn	谢谢	Bài_01
bú kèqi<br>không có gì / đừng khách sáo	不客气	Bài_01
tóngxué<br>bạn học	同学	Bài_01
zàijiàn<br>tạm biệt	再见	Bài_01
Wáng lǎoshī<br>Cô Vương (Tên riêng)	王老师	Bài_01
qǐngwèn<br>xin hỏi	请问	Bài_02
nǐ<br>bạn, anh, chị, em...	你	Bài_02
jiào<br>gọi là, tên là	叫	Bài_02
shénme<br>gì, cái gì	什么	Bài_02
míngzi<br>tên	名字	Bài_02
wǒ<br>tôi, mình...	我	Bài_02
bù<br>không	不	Bài_02
shì<br>là	是	Bài_02
duìbuqǐ<br>xin lỗi	对不起	Bài_02
méi guānxi<br>không sao, không có gì	没关系	Bài_02
méishì<br>không sao, không có gì	没事	Bài_02
hěn<br>rất	很	Bài_02
gāoxìng<br>vui, vui vẻ	高兴	Bài_02
rènshi<br>quen, làm quen	认识	Bài_02
yě<br>cũng	也	Bài_02
Lǐ Wén<br>Lý Văn (Tên riêng)	李文	Bài_02
Bái Jiāyuè<br>Bạch Gia Nguyệt (Tên riêng)	白家月	Bài_02
rén<br>người	人	Bài_03
de<br>của (trợ từ kết cấu)	的	Bài_03
zhè<br>này, đây	这	Bài_03
shéi / shuí<br>ai	谁	Bài_03
nǚpéngyou<br>bạn gái, người yêu	女朋友	Bài_03
nǎ<br>nào	哪	Bài_03
guó<br>quốc gia, đất nước	国	Bài_03
tā<br>cô ấy, chị ấy, bạn ấy...	她	Bài_03
wèi<br>a lô	喂	Bài_03
jiějie<br>chị gái	姐姐	Bài_03
gōngzuò<br>công việc, làm việc	工作	Bài_03
hái<br>vẫn	还	Bài_03
máng<br>bận, bận rộn	忙	Bài_03
ma<br>phải không? (trợ từ nghi vấn)	吗	Bài_03
duì<br>đúng	对	Bài_03
tài<br>quá, lắm	太	Bài_03
wǒmen<br>chúng tôi, chúng ta	我们	Bài_03
xiǎng<br>nhớ / muốn	想	Bài_03
Zhōngguó<br>Trung Quốc (Tên riêng)	中国	Bài_03
Fǎguó<br>nước Pháp (Tên riêng)	法国	Bài_03
Zhōngwén<br>tiếng Trung Quốc (Tên riêng)	中文	Bài_03
Tàiguó<br>Thái Lan (Tên riêng)	泰国	Bài_03
yǒu<br>có	有	Bài_04
duōshao<br>bao nhiêu	多少	Bài_04
gè<br>cái, chiếc, người, con... (lượng từ)	个	Bài_04
gēge<br>anh trai	哥哥	Bài_04
ne<br>thì sao (trợ từ cuối câu hỏi)	呢	Bài_04
méiyǒu<br>không có	没有	Bài_04
jiā<br>gia đình, nhà	家	Bài_04
jǐ<br>mấy	几	Bài_04
kǒu<br>lượng từ chỉ người trong gia đình	口	Bài_04
bàba<br>bố, ba	爸爸	Bài_04
māma<br>mẹ	妈妈	Bài_04
mèimei<br>em gái	妹妹	Bài_04
hé<br>và	和	Bài_04
érzi<br>con trai	儿子	Bài_04
háizi<br>con, trẻ con, trẻ em	孩子	Bài_04
nǚ'ér<br>con gái	女儿	Bài_04
suì<br>tuổi	岁	Bài_04
tā<br>anh ấy, cậu ấy, ông ấy...	他	Bài_04
jīnnián<br>năm nay	今年	Bài_04
duō<br>bao nhiêu (phó từ chỉ mức độ)	多	Bài_04
dà<br>lớn (chỉ tuổi tác)	大	Bài_04
yībǎi<br>một trăm	一百	Bài_04
yīqiān<br>một nghìn	一千	Bài_04
líng<br>số 0	零	Bài_04
jīntiān<br>hôm nay	今天	Bài_05
hào<br>ngày, mùng	号	Bài_05
yuè<br>tháng	月	Bài_05
rì<br>ngày	日	Bài_05
xīngqī<br>thứ, tuần	星期	Bài_05
Xīngqīrì<br>Chủ nhật	星期日	Bài_05
Xīngqītiān<br>Chủ nhật	星期天	Bài_05
xiūxi<br>nghỉ, nghỉ ngơi	休息	Bài_05
huì<br>biết, có thể	会	Bài_05
zuò fàn<br>nấu ăn	做饭	Bài_05
zuò<br>làm, nấu	做	Bài_05
miàntiáor<br>mì, mì sợi	面条儿	Bài_05
jiǎozi<br>sủi cảo	饺子	Bài_05
yīxiē<br>một số, một vài	一些	Bài_05
cài<br>món ăn, rau	菜	Bài_05
xiàbān<br>tan làm, tan ca	下班	Bài_05
xīn<br>mới	新	Bài_05
diànnǎo<br>máy tính, máy vi tính	电脑	Bài_05
zhēn<br>thật, thực sự	真	Bài_05
hǎokàn<br>đẹp	好看	Bài_05
xǐhuan<br>thích	喜欢	Bài_05
tā<br>nó (chỉ đồ vật, sự vật)	它	Bài_05
shǒujī<br>điện thoại di động	手机	Bài_06
diànhuà<br>điện thoại (máy cố định)	电话	Bài_06
hào<br>số	号	Bài_06
míngtiān<br>ngày mai	明天	Bài_06
qù<br>đi	去	Bài_06
nǎr<br>đâu, chỗ nào, nơi nào	哪儿	Bài_06
xiǎng<br>muốn	想	Bài_06
chāoshì<br>siêu thị	超市	Bài_06
mǎi<br>mua	买	Bài_06
dōngxi<br>đồ, đồ đạc	东西	Bài_06
xiē<br>một ít, một vài	些	Bài_06
niúnǎi<br>sữa (bò)	牛奶	Bài_06
chī<br>ăn	吃	Bài_06
wǎnfàn<br>bữa tối	晚饭	Bài_06
nàbian<br>bên kia, chỗ đó	那边	Bài_06
bāozi<br>bánh bao (có nhân)	包子	Bài_06
fēicháng<br>rất, vô cùng, cực kỳ	非常	Bài_06
hǎochī<br>ngon	好吃	Bài_06
mǐfàn<br>cơm (cơm trắng)	米饭	Bài_06
zěnme<br>thế nào, bằng cách nào	怎么	Bài_06
zuò<br>ngồi, đi (xe, tàu...)	坐	Bài_06
chūzūchē<br>xe taxi	出租车	Bài_06
Xī'ān Fàndiàn<br>Nhà hàng Tây An (Tên riêng)	西安饭店	Bài_06
xiànzài<br>bây giờ, hiện tại	现在	Bài_07
diǎn<br>giờ	点	Bài_07
zǎoshang<br>buổi sáng (sáng sớm)	早上	Bài_07
shàngwǔ<br>buổi sáng	上午	Bài_07
fēn<br>phút	分	Bài_07
kè<br>tiết học, giờ học	课	Bài_07
xiàwǔ<br>buổi chiều	下午	Bài_07
jiàn<br>gặp, gặp mặt	见	Bài_07
ba<br>nhé (trợ từ ngữ khí đề nghị)	吧	Bài_07
diànyǐngyuàn<br>rạp chiếu phim	电影院	Bài_07
kàn<br>xem, nhìn, đọc	看	Bài_07
diànyǐng<br>phim, điện ảnh	电影	Bài_07
shì<br>việc, sự việc	事	Bài_07
shàngkè<br>lên lớp, đi học	上课	Bài_07
ne<br>trợ từ ngữ khí trần thuật	呢	Bài_07
bàn<br>một nửa, rưỡi	半	Bài_07
xiàkè<br>tan học	下课	Bài_07
zài<br>ở, tại	在	Bài_07
jiā<br>nhà	家	Bài_07
lǐ / li<br>trong, bên trong	里	Bài_07
wǎnshang<br>buổi tối	晚上	Bài_07
yīyuàn<br>bệnh viện	医院	Bài_07
shàngbān<br>đi làm, vào ca	上班	Bài_07
diàn<br>cửa hàng, cửa tiệm	店	Bài_07
cài<br>thức ăn, món ăn, rau	菜	Bài_07
fēnzhōng<br>phút	分钟	Bài_07
hòu<br>sau, sau đó	后	Bài_07
zhōngwǔ<br>buổi trưa	中午	Bài_07
fángjiān<br>căn phòng	房间	Bài_08
wài<br>ngoài, bên ngoài	外	Bài_08
zhī<br>con (lượng từ con vật)	只	Bài_08
xiǎo<br>nhỏ, bé	小	Bài_08
māo<br>mèo	猫	Bài_08
méi<br>không, chưa	没	Bài_08
kànjiàn<br>nhìn thấy, trông thấy	看见	Bài_08
zhuōzi<br>bàn, cái bàn	桌子	Bài_08
xià<br>dưới, bên dưới	下	Bài_08
piàoliang<br>đẹp, xinh đẹp	漂亮	Bài_08
zài<br>ở, tại	在	Bài_08
xuéxiào<br>trường học	学校	Bài_08
shūdiàn<br>hiệu sách, nhà sách	书店	Bài_08
qián<br>phía trước	前	Bài_08
néng<br>có thể	能	Bài_08
dào<br>đến	到	Bài_08
wǔfàn<br>bữa trưa	午饭	Bài_08
fàn<br>cơm	饭	Bài_08
dà<br>lớn, to	大	Bài_08
bìngrén<br>bệnh nhân	病人	Bài_08
duō<br>nhiều	多	Bài_08
yīshēng<br>bác sĩ	医生	Bài_08
gōngzuò<br>làm việc	工作	Bài_08
Hú yīshēng<br>Bác sĩ Hồ (Tên riêng)	胡医生	Bài_08
qiánbian<br>phía trước	前边	Bài_09
bian / biān<br>phía, bên	边	Bài_09
jiā<br>lượng từ cho cửa hàng, doanh nghiệp	家	Bài_09
nàge<br>đó, cái đó	那个	Bài_09
wàibian<br>phía ngoài, bên ngoài	外边	Bài_09
yǐzi<br>ghế	椅子	Bài_09
shang / shàng<br>trên, trước	上	Bài_09
běn<br>quyển, cuốn	本	Bài_09
shū<br>sách	书	Bài_09
nà<br>kia, đó	那	Bài_09
dì<br>thứ (biểu thị số thứ tự)	第	Bài_09
xuéxí<br>học, học tập	学习	Bài_09
zuò<br>làm	做	Bài_09
báitiān<br>ban ngày	白天	Bài_09
dúshū<br>đọc sách, xem sách	读书	Bài_09
hé<br>với, cùng	和	Bài_09
péngyou<br>bạn, bạn bè	朋友	Bài_09
chàng<br>hát	唱	Bài_09
gē<br>bài hát	歌	Bài_09
hǎotīng<br>hay, nghe hay	好听	Bài_09
diànshì<br>ti vi, vô tuyến	电视	Bài_09
gǒu<br>chó	狗	Bài_09
wán<br>chơi	玩	Bài_09
bēizi<br>cốc, ly	杯子	Bài_10
shòuhuòyuán<br>nhân viên bán hàng	售货员	Bài_10
zhèbiān<br>bên này, phía này	这边	Bài_10
qián<br>tiền	钱	Bài_10
zhèxiē<br>những cái này	这些	Bài_10
kuài<br>đồng (đơn vị tiền tệ khẩu ngữ)	块	Bài_10
nàxiē<br>những cái kia	那些	Bài_10
zhèr<br>ở đây, chỗ này	这儿	Bài_10
shuǐguǒ<br>hoa quả, trái cây	水果	Bài_10
shǎo<br>ít	少	Bài_10
jīn<br>cân (đơn vị đo TQ = 0.5kg)	斤	Bài_10
píngguǒ<br>táo	苹果	Bài_10
piányi<br>rẻ	便宜	Bài_10
shāngdiàn<br>cửa hàng	商店	Bài_10
yīfu<br>quần áo	衣服	Bài_10
jiàn<br>chiếc, cái (lượng từ quần áo)	件	Bài_10
yuán<br>đồng (nhân dân tệ)	元	Bài_10
zěnmeyàng<br>thế nào, như thế nào	怎么样	Bài_10
guì<br>đắt	贵	Bài_10
chuān<br>mặc	穿	Bài_10
nǚ<br>nữ, con gái	女	Bài_10
nán<br>nam, con trai	男	Bài_10
nàr<br>ở kia, chỗ đó	那儿	Bài_10
shíhou<br>lúc, khi	时候	Bài_11
fàndiàn<br>nhà hàng, khách sạn	饭店	Bài_11
zhīdào<br>biết, nhận ra	知道	Bài_11
zhèngzài<br>đang (làm gì)	正在	Bài_11
zhǎo<br>tìm, kiếm	找	Bài_11
kāichē<br>lái xe (ô tô)	开车	Bài_11
chē<br>xe	车	Bài_11
zài<br>đang	在	Bài_11
dú<br>học, đọc	读	Bài_11
dàxué<br>đại học	大学	Bài_11
dàxuéshēng<br>sinh viên	大学生	Bài_11
xué<br>học	学	Bài_11
yī<br>y, y học, y khoa	医	Bài_11
dìdi<br>em trai	弟弟	Bài_11
qǐchuáng<br>thức dậy, ngủ dậy, dậy	起床	Bài_11
shuìjiào<br>ngủ	睡觉	Bài_11
shuì<br>ngủ	睡	Bài_11
nàlǐ<br>chỗ kia, đằng kia, nơi đó, chỗ đó	那里	Bài_11
nǎlǐ<br>đâu, chỗ nào, nơi nào	哪里	Bài_11
zuótiān<br>hôm qua	昨天	Bài_11
wèn<br>hỏi	问	Bài_11
duì<br>với, đối với	对	Bài_11
shuō<br>nói	说	Bài_11
yào<br>cần, muốn, phải	要	Bài_11
xiǎopéngyou<br>bạn nhỏ	小朋友	Bài_11
tiānqì<br>thời tiết	天气	Bài_12
zhèlǐ<br>ở đây, chỗ này	这里	Bài_12
tiān<br>thời tiết, trời	天	Bài_12
xià yǔ<br>mưa, mưa rơi	下雨	Bài_12
le<br>rồi (trợ từ ngữ khí đổi trạng thái)	了	Bài_12
yǔ<br>mưa	雨	Bài_12
yǒudiǎnr<br>hơi, hơi... một chút	有点儿	Bài_12
juéde<br>cảm thấy	觉得	Bài_12
lěng<br>lạnh	冷	Bài_12
xià<br>(mưa, tuyết...) rơi	下	Bài_12
xuě<br>tuyết	雪	Bài_12
lái<br>đến	来	Bài_12
gōngsī<br>công ty	公司	Bài_12
shēngbìng<br>ốm, bị ốm, bệnh, bị bệnh	生病	Bài_12
kànbìng<br>khám bệnh	看病	Bài_12
bìng<br>ốm, bị ốm, bệnh, bị bệnh	病	Bài_12
yīdiǎnr<br>một chút, một ít	一点儿	Bài_12
yào<br>thuốc	药	Bài_12
tiān<br>ngày	天	Bài_12
huí<br>về, quay về	回	Bài_12
zài<br>sau đó, mới (chỉ trình tự)	再	Bài_12
hē<br>uống	喝	Bài_12
rè<br>nóng, ấm	热	Bài_12
shuǐ<br>nước	水	Bài_12
kěyǐ<br>có thể, được (cho phép làm gì)	可以	Bài_13
zài<br>lại, thêm lần nữa	再	Bài_13
wèntí<br>câu hỏi, vấn đề	问题	Bài_13
mài<br>bán	卖	Bài_13
dǎ diànhuà<br>gọi điện thoại	打电话	Bài_13
yīxià<br>một chút, thử (hành động nhanh)	一下	Bài_13
fúwùyuán<br>nhân viên phục vụ, người phục vụ	服务员	Bài_13
nǚshì<br>bà, cô, quý bà, quý cô	女士	Bài_13
qǐng<br>mời, xin, hãy	请	Bài_13
zuò<br>ngồi	座	Bài_13
gěi<br>đưa cho, cho	给	Bài_13
bēi<br>ly, cốc, tách	杯	Bài_13
yào<br>cần, muốn	要	Bài_13
zǎofàn<br>bữa sáng	早饭	Bài_13
zhè ge<br>cái này	这个	Bài_13
miànbāo<br>bánh mì	面包	Bài_13
jīdàn<br>trứng gà	鸡蛋	Bài_13
xiānsheng<br>anh, ông, ngài, quý ông	先生	Bài_13
yībàn<br>một nửa	一半	Bài_13
chá<br>trà, chè	茶	Bài_13
shàng<br>lên (xe, tàu...)	上	Bài_14
huǒchē<br>tàu, tàu hoả, xe lửa	火车	Bài_14
zhōngwǔ<br>buổi trưa	中午	Bài_14
kāi<br>lái, chạy, khởi hành	开	Bài_14
yǒuxiē<br>có một số, có một vài	有些	Bài_14
yǒude<br>có người, có cái	有的	Bài_14
le<br>rồi (trợ từ hoàn thành động tác)	了	Bài_14
xiě<br>viết	写	Bài_14
dōu<br>đều	都	Bài_14
tīngjiàn<br>nghe thấy	听见	Bài_14
búyào<br>đừng, không được	不要	Bài_14
shuōhuà<br>nói chuyện	说话	Bài_14
tīng<br>nghe	听	Bài_14
nǎxiē<br>những... nào	哪些	Bài_14
zì<br>chữ	字	Bài_14
Hànyǔ<br>tiếng Trung Quốc, tiếng Hán	汉语	Bài_14
Hànzì<br>chữ Hán	汉字	Bài_14
míngnián<br>sang năm, năm tới	明年	Bài_14
shàng<br>lên, bắt đầu vào mốc cố định	上	Bài_14
zhōngxué<br>trường trung học, trung học	中学	Bài_14
xiǎoxué<br>trường tiểu học, tiểu học	小学	Bài_14
zhōngxuéshēng<br>học sinh trung học / cấp hai	中学生	Bài_14
xiǎoxuéshēng<br>học sinh tiểu học / cấp một	小学生	Bài_14
shàngxué<br>đi học, bắt đầu đi học	上学	Bài_14
tāmen<br>họ, chúng, bọn họ (nam/chung)	他们	Bài_14
tāmen<br>họ, chúng, bọn họ (toàn nữ)	她们	Bài_14
tāmen<br>chúng, chúng nó (loài vật/đồ vật)	它们	Bài_14
wǎn<br>muộn, trễ	晚	Bài_14
ài<br>thích, yêu thích	爱	Bài_15
nǎge<br>cái nào, nào	哪个	Bài_15
qùnián<br>năm ngoái	去年	Bài_15
nánpéngyou<br>bạn trai, người yêu	男朋友	Bài_15
jǐ<br>vài, mấy	几	Bài_15
nián<br>năm	年	Bài_15
hǎowánr<br>vui, thích, thú vị	好玩儿	Bài_15
Xī'ān<br>Tây An (Tên riêng)	西安	Bài_15
Běijīng<br>Bắc Kinh (Tên riêng)	北京	Bài_15
fēijī<br>máy bay	飞机	Bài_15
yào<br>cần, mất (thời gian)	要	Bài_15
xiǎoshí<br>tiếng đồng hồ, giờ	小时	Bài_15
jiārén<br>người nhà	家人	Bài_15
shíjiān<br>thời gian	时间	Bài_15
jīchǎng<br>sân bay	机场	Bài_15
jiē<br>đón, tiếp đón	接	Bài_15
zhù<br>ở	住	Bài_15
zǎo<br>sớm	早	Bài_15
nà<br>vậy thì, thế thì	那	Bài_15
Dàxīng Jīchǎng<br>sân bay Đại Hưng (Tên riêng)	大兴机场	Bài_15
